id_cliente,nombre_cliente,correo_electronico,tipo_cliente,fecha_registro
1,Aldwin Nickoles,anickoles0@disqus.com,VIP,2023/05/01
2,Allistir Mabbs,amabbs1@indiegogo.com,Nuevo,2026/01/14
3,Sashenka Westwell,swestwell2@fastcompany.com,Recurrente,2023/08/30
4,Heath Zmitruk,hzmitruk3@mapy.cz,Nuevo,2023/06/03
5,Myer Stother,mstother4@linkedin.com,VIP,2026/07/15
6,Oliviero Coopland,ocoopland5@sakura.ne.jp,Nuevo,2026/08/16
7,Juliana Muneely,jmuneely6@yolasite.com,Recurrente,2024/06/05
8,Billye Lightwing,blightwing7@adobe.com,Recurrente,2023/11/08
9,Grayce Adamovicz,gadamovicz8@mozilla.com,Nuevo,2025/03/16
10,Beverly Corsan,bcorsan9@trellian.com,Nuevo,2026/03/11
11,Freddy Colliford,fcolliforda@chicagotribune.com,VIP,2025/10/11
12,Eydie Manhare,emanhareb@soup.io,VIP,2023/07/06
13,Anneliese Iddison,aiddisonc@cdc.gov,Recurrente,2024/10/25
14,Kathrine Cartmail,kcartmaild@exblog.jp,VIP,2026/04/15
15,Yolande Kimmitt,ykimmitte@businesswire.com,Recurrente,2024/01/02
16,Leonerd Biford,lbifordf@reddit.com,Nuevo,2025/02/24
17,Lowell Hargrave,lhargraveg@oracle.com,Recurrente,2023/08/14
18,Jobie Wythill,jwythillh@vimeo.com,VIP,2025/09/17
19,Cass Von Welden,cvoni@drupal.org,VIP,2025/04/24
20,Tammy Clinning,tclinningj@so-net.ne.jp,VIP,2024/10/12
21,Hannie Dragge,hdraggek@answers.com,VIP,2026/03/31
22,Rebeka Eyeington,reyeingtonl@ox.ac.uk,Nuevo,2025/08/29
23,Zelig Capenor,zcapenorm@is.gd,Recurrente,2026/07/08
24,Lemuel Janosevic,ljanosevicn@netlog.com,VIP,2026/03/30
25,Gretta Mahoney,gmahoneyo@shinystat.com,Nuevo,2024/10/29
26,Waylon Cleminshaw,wcleminshawp@bbc.co.uk,VIP,2023/09/23
27,Gabrielle Halwell,ghalwellq@examiner.com,Nuevo,2025/04/23
28,Rooney Dallosso,rdallossor@cbsnews.com,Nuevo,2024/06/28
29,Ellette Beefon,ebeefons@google.com.au,Nuevo,2024/10/29
30,Reynolds Lowndes,rlowndest@sciencedirect.com,Nuevo,2023/06/03
31,Hannie Garahan,hgarahanu@nymag.com,Recurrente,2024/01/18
32,Ferdinand Oglevie,fogleviev@yellowpages.com,Nuevo,2023/08/22
33,Mariann Glowacki,mglowackiw@surveymonkey.com,VIP,2025/02/18
34,Scotti Gogan,sgoganx@smh.com.au,Nuevo,2026/03/20
35,Sal Erskine Sandys,serskiney@merriam-webster.com,Nuevo,2025/02/23
36,Rudiger Twiggs,rtwiggsz@mysql.com,Recurrente,2023/08/21
37,Goddart Pavelka,gpavelka10@hubpages.com,Recurrente,2024/07/25
38,Rosalynd Ruselin,rruselin11@163.com,VIP,2023/07/22
39,Clarine Addie,caddie12@xing.com,VIP,2024/11/01
40,Ignacius Cocking,icocking13@imageshack.us,Recurrente,2023/12/11
41,Carolyn Eversfield,ceversfield14@springer.com,Recurrente,2024/07/08
42,Woodman Pichan,wpichan15@vkontakte.ru,Recurrente,2024/04/17
43,Douglass McHenry,dmchenry16@nba.com,Nuevo,2026/04/11
44,Flori Corbishley,fcorbishley17@freewebs.com,VIP,2023/09/12
45,Ernaline McPhilemy,emcphilemy18@tripadvisor.com,Nuevo,2024/02/18
46,Arte Linturn,alinturn19@economist.com,VIP,2025/01/04
47,Luca Noor,lnoor1a@cdc.gov,Recurrente,2024/01/30
48,Claire Ewart,cewart1b@geocities.jp,Recurrente,2024/02/29
49,Alicea Ealles,aealles1c@google.co.jp,Recurrente,2024/09/25
50,Marabel MacElroy,mmacelroy1d@abc.net.au,Recurrente,2025/08/09
51,Alicia Inett,ainett1e@flickr.com,Nuevo,2023/11/25
52,Micheline Ebbetts,mebbetts1f@mapquest.com,Nuevo,2023/11/18
53,Ollie Hargreave,ohargreave1g@shareasale.com,Recurrente,2024/08/25
54,Pandora Rochford,prochford1h@scientificamerican.com,Recurrente,2026/08/26
55,Janos Feldbau,jfeldbau1i@prnewswire.com,VIP,2024/11/02
56,Vaclav Morrott,vmorrott1j@hubpages.com,Recurrente,2023/04/25
57,Barnabas Riolfi,briolfi1k@upenn.edu,VIP,2025/09/09
58,Addia Brugmann,abrugmann1l@ucoz.ru,Recurrente,2026/02/11
59,Joyous Cominello,jcominello1m@linkedin.com,VIP,2023/05/16
60,Duane Malthus,dmalthus1n@go.com,Nuevo,2026/07/04
61,Sherwynd D'Alessandro,sdalessandro1o@vistaprint.com,VIP,2023/10/27
62,Curry Sailor,csailor1p@xing.com,Nuevo,2026/05/27
63,Jillane Getcliffe,jgetcliffe1q@utexas.edu,VIP,2026/03/01
64,Elva Lowther,elowther1r@cafepress.com,Recurrente,2025/06/24
65,Celestia Cordeau,ccordeau1s@mayoclinic.com,VIP,2025/09/24
66,Shaw Gingedale,sgingedale1t@noaa.gov,Recurrente,2023/02/23
67,Isa Scotney,iscotney1u@feedburner.com,Nuevo,2024/07/19
68,Tiff Greir,tgreir1v@tinypic.com,Nuevo,2025/06/19
69,Jenni Lovelock,jlovelock1w@jugem.jp,VIP,2023/03/25
70,Cindelyn Schermick,cschermick1x@multiply.com,Recurrente,2024/02/13
71,Weider Gossington,wgossington1y@sciencedirect.com,Recurrente,2025/03/13
72,Megan Valentino,mvalentino1z@mlb.com,Recurrente,2024/04/07
73,Mohandas Mithun,mmithun20@etsy.com,Nuevo,2024/07/24
74,Candra Shiels,cshiels21@europa.eu,Recurrente,2026/05/24
75,Felix Ellis,fellis22@wiley.com,Nuevo,2023/10/10
76,Gabby Bartosik,gbartosik23@edublogs.org,Nuevo,2024/10/24
77,Welbie Gobbett,wgobbett24@hud.gov,Recurrente,2025/07/04
78,Novelia Chaulk,nchaulk25@europa.eu,VIP,2024/10/27
79,Rosalind McComish,rmccomish26@army.mil,Recurrente,2026/06/18
80,Winfield Kleszinski,wkleszinski27@whitehouse.gov,Nuevo,2024/06/11
81,Errick Jovicevic,ejovicevic28@cyberchimps.com,Recurrente,2023/03/24
82,Bayard Abbs,babbs29@instagram.com,Nuevo,2023/09/07
83,Caye Avieson,cavieson2a@merriam-webster.com,VIP,2026/01/28
84,Saleem Overthrow,soverthrow2b@pcworld.com,Recurrente,2024/11/29
85,Raimund Tomasello,rtomasello2c@icq.com,Recurrente,2025/07/05
86,Eddie MacKniely,emackniely2d@accuweather.com,Nuevo,2024/08/18
87,Monro Lamps,mlamps2e@google.co.uk,Nuevo,2023/08/23
88,Ganny Killner,gkillner2f@theguardian.com,VIP,2025/08/12
89,Tana Shanley,tshanley2g@comsenz.com,Nuevo,2024/12/24
90,Orville Arrell,oarrell2h@arstechnica.com,Nuevo,2025/01/07
91,Linzy Rignold,lrignold2i@wikimedia.org,VIP,2024/09/08
92,Davy Luisetti,dluisetti2j@eventbrite.com,VIP,2026/08/27
93,Guthrey Orhtmann,gorhtmann2k@furl.net,Nuevo,2025/10/06
94,Berky Drillot,bdrillot2l@slate.com,Nuevo,2026/04/17
95,Wallis O'Loinn,woloinn2m@edublogs.org,VIP,2026/06/02
96,Maje Stobo,mstobo2n@meetup.com,VIP,2026/02/13
97,Ginni Goney,ggoney2o@liveinternet.ru,VIP,2024/12/28
98,Gare Cutts,gcutts2p@exblog.jp,VIP,2025/01/28
99,Jocelin Gilbee,jgilbee2q@reference.com,Nuevo,2024/03/18
100,Gert Blune,gblune2r@cafepress.com,Nuevo,2024/06/11
101,Fawnia Hick,fhick2s@mapquest.com,Nuevo,2023/11/06
102,Martynne Lyne,mlyne2t@mail.ru,Nuevo,2023/08/25
103,Kiah Leah,kleah2u@eventbrite.com,VIP,2024/06/30
104,Violetta Camamill,vcamamill2v@a8.net,VIP,2026/03/10
105,Porter Seaton,pseaton2w@sina.com.cn,Recurrente,2024/10/07
106,Stavro Begley,sbegley2x@npr.org,Nuevo,2023/11/22
107,Gideon Alexandrou,galexandrou2y@google.com.hk,Recurrente,2024/11/04
108,Nancie Boobier,nboobier2z@youtu.be,Recurrente,2024/06/25
109,Verine Ugoni,vugoni30@dion.ne.jp,Nuevo,2025/04/11
110,Mata Hysom,mhysom31@rambler.ru,Nuevo,2025/03/13
111,Edna Hanrott,ehanrott32@ibm.com,VIP,2025/04/11
112,Donal Battabee,dbattabee33@ifeng.com,Nuevo,2025/05/08
113,Cleve Smail,csmail34@histats.com,VIP,2024/10/16
114,Haven Branche,hbranche35@sciencedaily.com,VIP,2023/01/30
115,Merilyn Hinners,mhinners36@freewebs.com,Recurrente,2024/12/29
116,Yard Robillart,yrobillart37@bloomberg.com,Nuevo,2024/02/28
117,Chadd Woolaghan,cwoolaghan38@eventbrite.com,VIP,2023/05/24
118,Sheridan Galilee,sgalilee39@ning.com,VIP,2025/05/07
119,Eustacia Paler,epaler3a@mail.ru,Nuevo,2024/06/30
120,Blondell Huxham,bhuxham3b@ehow.com,Nuevo,2025/07/26
121,Raul Cuncarr,rcuncarr3c@addthis.com,Nuevo,2023/10/03
122,Alika Frobisher,afrobisher3d@telegraph.co.uk,VIP,2025/08/11
123,Darbee Beevors,dbeevors3e@bbb.org,VIP,2023/09/12
124,Shina Vernau,svernau3f@prlog.org,Nuevo,2024/08/07
125,Bentley Ivanaev,bivanaev3g@bloomberg.com,Nuevo,2024/04/12
126,Bellanca Bothram,bbothram3h@devhub.com,VIP,2026/04/05
127,Lelah Feasby,lfeasby3i@sphinn.com,Nuevo,2025/02/27
128,Dewey Hassekl,dhassekl3j@google.it,Recurrente,2025/01/04
129,Gwenneth Ragborne,gragborne3k@japanpost.jp,VIP,2024/05/31
130,Gal Ashfold,gashfold3l@earthlink.net,VIP,2025/06/04
131,Dawna Schlag,dschlag3m@yellowpages.com,Recurrente,2023/11/30
132,Shirlee Alabaster,salabaster3n@prnewswire.com,Recurrente,2024/03/29
133,Willow Condit,wcondit3o@people.com.cn,VIP,2026/07/01
134,Ethelbert Le Prevost,ele3p@mac.com,Nuevo,2025/07/31
135,Jaymie Tincombe,jtincombe3q@hatena.ne.jp,Nuevo,2024/07/27
136,Suzette Labrone,slabrone3r@bbb.org,Nuevo,2024/04/30
137,Anne-corinne Derwin,aderwin3s@xrea.com,Nuevo,2025/09/29
138,Fifi Lamswood,flamswood3t@domainmarket.com,VIP,2025/05/12
139,Michelina Bartels,mbartels3u@weibo.com,Recurrente,2024/07/09
140,Alano Drew,adrew3v@discuz.net,VIP,2023/12/19
141,Belia Joul,bjoul3w@slate.com,Nuevo,2025/05/29
142,Margi Binder,mbinder3x@exblog.jp,Recurrente,2024/06/07
143,Jessy Monan,jmonan3y@va.gov,Nuevo,2026/05/04
144,Viole Scollard,vscollard3z@reference.com,VIP,2026/08/25
145,Cobb Smitten,csmitten40@facebook.com,VIP,2025/09/01
146,Granger Aldie,galdie41@pcworld.com,Recurrente,2023/02/10
147,Hadrian Whyberd,hwhyberd42@webeden.co.uk,VIP,2025/11/24
148,Susi Teodori,steodori43@army.mil,Recurrente,2023/01/02
149,Clara Hambling,chambling44@simplemachines.org,VIP,2023/03/16
150,Gray Skerritt,gskerritt45@booking.com,Nuevo,2026/06/17
151,Brittan Bothen,bbothen46@google.pl,VIP,2023/01/18
152,Hewitt Durnall,hdurnall47@imdb.com,Recurrente,2026/01/29
153,Emilia Worman,eworman48@mashable.com,Nuevo,2025/06/27
154,Sunny Easterling,seasterling49@timesonline.co.uk,Recurrente,2024/05/28
155,Alphonso Togher,atogher4a@w3.org,Nuevo,2026/04/17
156,Adamo Surgey,asurgey4b@nymag.com,VIP,2023/11/17
157,Luci Strangeway,lstrangeway4c@shinystat.com,Nuevo,2023/07/26
158,Shelby Whorton,swhorton4d@simplemachines.org,Recurrente,2023/11/18
159,Cassy Meuse,cmeuse4e@walmart.com,Recurrente,2026/06/30
160,Emogene Merrett,emerrett4f@ask.com,VIP,2025/01/13
161,Amil Eberst,aeberst4g@geocities.com,VIP,2023/11/18
162,Stefania Lowrance,slowrance4h@constantcontact.com,Recurrente,2026/01/01
163,Fedora Buse,fbuse4i@state.gov,Recurrente,2026/07/21
164,Perren Beddis,pbeddis4j@umn.edu,VIP,2026/05/10
165,Sigismondo Kingaby,skingaby4k@bandcamp.com,Recurrente,2023/07/28
166,Pauly Dorcey,pdorcey4l@yelp.com,Nuevo,2024/06/08
167,Lockwood Gland,lgland4m@cpanel.net,Nuevo,2026/07/04
168,Joyann Studders,jstudders4n@ehow.com,Recurrente,2024/01/19
169,Kahlil Szymonowicz,kszymonowicz4o@china.com.cn,Recurrente,2024/05/24
170,Asia Dielhenn,adielhenn4p@cisco.com,Nuevo,2024/09/10
171,Orlando Mechell,omechell4q@google.cn,Nuevo,2025/04/29
172,Kasper Dincke,kdincke4r@cnet.com,Nuevo,2025/05/25
173,Danica Hoyes,dhoyes4s@tinyurl.com,VIP,2023/06/07
174,Arielle Collibear,acollibear4t@spiegel.de,Nuevo,2024/09/08
175,Cornelius Horrell,chorrell4u@wix.com,Recurrente,2023/04/29
176,Ottilie Reyne,oreyne4v@infoseek.co.jp,Recurrente,2023/08/19
177,Elissa Champkin,echampkin4w@nasa.gov,Nuevo,2024/12/23
178,Marlo Hazeldene,mhazeldene4x@liveinternet.ru,Recurrente,2024/04/04
179,Whitman Yoxall,wyoxall4y@ustream.tv,VIP,2023/02/08
180,Raquela Manchester,rmanchester4z@shinystat.com,Nuevo,2024/12/19
181,Angelico Marval,amarval50@cnbc.com,Nuevo,2023/11/30
182,Clevey Schuster,cschuster51@desdev.cn,VIP,2023/06/25
183,Addie Tench,atench52@toplist.cz,Nuevo,2026/05/19
184,Kris Bonsul,kbonsul53@fc2.com,VIP,2025/10/28
185,Tyne Ellery,tellery54@rediff.com,Nuevo,2023/12/29
186,Gwenora Ferrillio,gferrillio55@trellian.com,VIP,2025/12/19
187,Lavena Ruvel,lruvel56@rambler.ru,Recurrente,2024/02/22
188,Marc Fantini,mfantini57@omniture.com,Recurrente,2025/02/23
189,Patrice Pydcock,ppydcock58@discovery.com,Nuevo,2025/02/18
190,Neely Loiterton,nloiterton59@wp.com,Recurrente,2025/11/06
191,Thaxter Amos,tamos5a@umn.edu,Recurrente,2025/03/31
192,Jonell Arpino,jarpino5b@rambler.ru,VIP,2025/03/11
193,Deeyn Finlayson,dfinlayson5c@marriott.com,Recurrente,2025/03/18
194,Brooke Zamora,bzamora5d@ibm.com,Nuevo,2023/08/01
195,Lydie Raunds,lraunds5e@vk.com,Nuevo,2023/10/02
196,Theresita Habberjam,thabberjam5f@furl.net,Recurrente,2025/07/30
197,Teodorico Braunstein,tbraunstein5g@mayoclinic.com,Nuevo,2023/02/26
198,Pernell Brigge,pbrigge5h@wikia.com,VIP,2024/05/03
199,Burnaby Shimoni,bshimoni5i@ask.com,VIP,2023/04/07
200,Geno Weinberg,gweinberg5j@blinklist.com,VIP,2023/10/10
201,Odo Harden,oharden5k@de.vu,Nuevo,2023/12/13
202,Rhianna Maskall,rmaskall5l@so-net.ne.jp,Recurrente,2023/12/12
203,Georgeta Paradin,gparadin5m@bloglovin.com,Recurrente,2024/06/14
204,Kalie Jaine,kjaine5n@google.de,Recurrente,2025/01/09
205,Cleve Strase,cstrase5o@ebay.com,VIP,2025/05/27
206,Normand Dorracott,ndorracott5p@xing.com,Recurrente,2023/05/03
207,Ulrick Tolchar,utolchar5q@infoseek.co.jp,VIP,2025/08/20
208,Betteann Horney,bhorney5r@webmd.com,Recurrente,2023/03/08
209,Miller Colman,mcolman5s@yellowpages.com,Nuevo,2024/10/26
210,Renard Downe,rdowne5t@amazon.co.jp,Recurrente,2024/09/12
211,Tymon O Sullivan,to5u@ifeng.com,Nuevo,2024/09/23
212,Terrance Udden,tudden5v@histats.com,Recurrente,2026/07/24
213,Manfred Atwell,matwell5w@microsoft.com,VIP,2024/12/05
214,Lucais Dudderidge,ldudderidge5x@hp.com,VIP,2025/12/04
215,Shelby Remer,sremer5y@drupal.org,Nuevo,2023/07/15
216,Herc Clemmett,hclemmett5z@fc2.com,VIP,2023/07/24
217,Agnesse Flaunders,aflaunders60@1688.com,Recurrente,2024/07/17
218,Sapphire Slowcock,sslowcock61@reference.com,Nuevo,2023/08/15
219,Claiborne Mouse,cmouse62@columbia.edu,Recurrente,2024/09/28
220,Kimbra Wolfit,kwolfit63@biblegateway.com,VIP,2025/07/29
221,Netta Lapping,nlapping64@ezinearticles.com,Nuevo,2023/11/04
222,Bengt Hamley,bhamley65@com.com,Recurrente,2023/09/14
223,Itch Flipsen,iflipsen66@economist.com,VIP,2025/04/20
224,Brody Spavon,bspavon67@webs.com,Nuevo,2024/08/23
225,Yulma Navein,ynavein68@biglobe.ne.jp,VIP,2023/11/16
226,Riobard Bossom,rbossom69@canalblog.com,VIP,2023/09/21
227,Mimi Clemmey,mclemmey6a@macromedia.com,Recurrente,2025/09/01
228,Giulio Pragnall,gpragnall6b@seesaa.net,VIP,2023/05/30
229,Chryste Vannet,cvannet6c@techcrunch.com,Recurrente,2024/04/14
230,Batsheva Stickings,bstickings6d@cornell.edu,VIP,2023/06/10
231,Rosco Gavigan,rgavigan6e@timesonline.co.uk,Recurrente,2025/07/26
232,Tris Hamp,thamp6f@cloudflare.com,Recurrente,2023/12/13
233,Gayleen Krier,gkrier6g@dyndns.org,Recurrente,2024/05/18
234,Donica Keysel,dkeysel6h@jugem.jp,Nuevo,2026/06/11
235,Ned Mirralls,nmirralls6i@hao123.com,Recurrente,2026/03/27
236,Rutledge Balaison,rbalaison6j@who.int,Nuevo,2024/08/18
237,Hamilton Barby,hbarby6k@facebook.com,VIP,2024/11/08
238,Isa Tocher,itocher6l@comsenz.com,VIP,2024/02/19
239,Zitella Maas,zmaas6m@booking.com,VIP,2025/02/04
240,Loren Trighton,ltrighton6n@wired.com,Nuevo,2023/08/04
241,Griswold Dafter,gdafter6o@arstechnica.com,VIP,2023/09/23
242,Alyosha Mavin,amavin6p@merriam-webster.com,Nuevo,2024/02/07
243,Saundra Pichmann,spichmann6q@dion.ne.jp,VIP,2024/10/05
244,Gerrard Narey,gnarey6r@accuweather.com,Nuevo,2024/05/01
245,Margie Whall,mwhall6s@kickstarter.com,VIP,2023/11/16
246,Carmon Larmett,clarmett6t@addtoany.com,Recurrente,2024/06/17
247,Mathian Markey,mmarkey6u@google.pl,Nuevo,2026/08/14
248,Joete Tathacott,jtathacott6v@dedecms.com,VIP,2023/08/03
249,Welbie Gurling,wgurling6w@cocolog-nifty.com,Nuevo,2023/05/06
250,Marysa Turbern,mturbern6x@blog.com,Recurrente,2025/05/28
251,Wiley Golborne,wgolborne6y@msu.edu,Recurrente,2026/05/08
252,Dieter Aspinal,daspinal6z@bloomberg.com,Nuevo,2023/06/28
253,Iago Mogridge,imogridge70@hud.gov,Recurrente,2026/03/17
254,Esme Cawsey,ecawsey71@guardian.co.uk,VIP,2023/11/30
255,Glendon Jachtym,gjachtym72@storify.com,VIP,2025/11/15
256,Vasilis Cavnor,vcavnor73@huffingtonpost.com,Nuevo,2025/05/24
257,Desmond Normanvell,dnormanvell74@posterous.com,VIP,2023/04/16
258,Kendrick Trill,ktrill75@squidoo.com,Nuevo,2024/11/05
259,Marie-jeanne Ashpital,mashpital76@woothemes.com,Recurrente,2026/04/18
260,Lynde Carberry,lcarberry77@privacy.gov.au,Nuevo,2024/09/06
261,Faunie Ugolotti,fugolotti78@upenn.edu,Nuevo,2025/02/25
262,Antoine Cutler,acutler79@wikia.com,Nuevo,2025/04/17
263,Arin Tenbrug,atenbrug7a@shutterfly.com,Recurrente,2026/02/16
264,Linus Paulson,lpaulson7b@ucoz.com,Recurrente,2024/11/30
265,Adelind Duckerin,aduckerin7c@foxnews.com,VIP,2024/04/07
266,Rosanna Halbeard,rhalbeard7d@accuweather.com,Recurrente,2024/10/16
267,Haroun Coulter,hcoulter7e@lulu.com,VIP,2025/01/28
268,Aeriel Henfre,ahenfre7f@omniture.com,Nuevo,2026/04/25
269,Linus Cockton,lcockton7g@joomla.org,Recurrente,2023/11/21
270,Vitia Doyley,vdoyley7h@bing.com,Recurrente,2025/09/11
271,Rosco Lazenbury,rlazenbury7i@ezinearticles.com,Nuevo,2025/12/19
272,Sean Copyn,scopyn7j@noaa.gov,Recurrente,2024/07/03
273,Terra Sillick,tsillick7k@reuters.com,Recurrente,2025/05/24
274,Ogdan McCotter,omccotter7l@walmart.com,Recurrente,2024/02/08
275,Kare Posselwhite,kposselwhite7m@people.com.cn,Nuevo,2026/02/26
276,Alisun Beak,abeak7n@sakura.ne.jp,Recurrente,2025/12/27
277,Karoly Cowcha,kcowcha7o@cbslocal.com,Recurrente,2023/01/02
278,Roy Hendriksen,rhendriksen7p@forbes.com,Nuevo,2023/11/03
279,Halley Splain,hsplain7q@mlb.com,VIP,2024/02/28
280,Niki Pilgram,npilgram7r@networkadvertising.org,Recurrente,2023/07/22
281,Agosto Clem,aclem7s@economist.com,VIP,2023/07/03
282,Aleksandr Downham,adownham7t@java.com,Recurrente,2025/05/30
283,Ted Danigel,tdanigel7u@e-recht24.de,Nuevo,2026/04/20
284,Gerrie Ibbetson,gibbetson7v@upenn.edu,Nuevo,2025/02/08
285,Morly Hanscom,mhanscom7w@imdb.com,Nuevo,2023/01/18
286,Atlante Dewdeny,adewdeny7x@aol.com,Recurrente,2025/04/04
287,Trumann Prandy,tprandy7y@state.gov,VIP,2025/11/09
288,Juieta Dowsey,jdowsey7z@google.pl,Recurrente,2025/03/25
289,Curt Eidler,ceidler80@forbes.com,VIP,2026/05/10
290,Ross Briddock,rbriddock81@yellowbook.com,Nuevo,2023/11/03
291,Debera Hasser,dhasser82@eepurl.com,Nuevo,2024/02/11
292,Jeanie Challin,jchallin83@amazonaws.com,Nuevo,2023/12/01
293,Carroll Scranny,cscranny84@cyberchimps.com,Nuevo,2025/05/15
294,Leslie Brasted,lbrasted85@people.com.cn,Nuevo,2024/11/17
295,Shanon Deex,sdeex86@about.com,Recurrente,2023/10/27
296,Lulu Baunton,lbaunton87@ameblo.jp,Nuevo,2024/07/18
297,Caty Rockliffe,crockliffe88@baidu.com,Nuevo,2024/04/21
298,Nomi Schroeder,nschroeder89@msn.com,VIP,2025/08/14
299,Lethia Lantiffe,llantiffe8a@nifty.com,Nuevo,2024/05/29
300,Inez Fydo,ifydo8b@deliciousdays.com,Recurrente,2024/07/15
301,Hy Wittier,hwittier8c@telegraph.co.uk,Nuevo,2023/06/25
302,Kennett Van Saltsberg,kvan8d@indiatimes.com,VIP,2026/08/26
303,Vyky Poker,vpoker8e@archive.org,Recurrente,2024/01/24
304,Swen McLaggan,smclaggan8f@cyberchimps.com,Nuevo,2025/11/01
305,Northrop Behrend,nbehrend8g@alexa.com,VIP,2023/01/03
306,Sergei Finney,sfinney8h@sciencedaily.com,Recurrente,2026/08/14
307,Timmy Kobus,tkobus8i@bizjournals.com,VIP,2024/04/30
308,Ulric Kayzer,ukayzer8j@about.com,Recurrente,2023/08/25
309,Tiphany Backshall,tbackshall8k@cmu.edu,VIP,2025/04/20
310,Robbyn Whittall,rwhittall8l@soundcloud.com,Recurrente,2026/03/11
311,Shamus Danniel,sdanniel8m@topsy.com,Nuevo,2026/01/01
312,Berget Grahamslaw,bgrahamslaw8n@opensource.org,Recurrente,2023/02/17
313,Adria Oller,aoller8o@mail.ru,Recurrente,2025/01/26
314,Kriste Duckworth,kduckworth8p@marriott.com,Nuevo,2023/02/20
315,Nelli Coade,ncoade8q@friendfeed.com,VIP,2025/10/17
316,Archy Ravenhills,aravenhills8r@deliciousdays.com,Nuevo,2025/11/09
317,Katrinka Schnieder,kschnieder8s@ucoz.ru,Nuevo,2025/12/07
318,Merl Hacon,mhacon8t@tiny.cc,Nuevo,2023/01/07
319,Elisabet Anderer,eanderer8u@posterous.com,Recurrente,2024/05/07
320,Hedda Greenleaf,hgreenleaf8v@4shared.com,VIP,2025/10/23
321,Lionel Wordley,lwordley8w@nytimes.com,Nuevo,2026/02/26
322,Margaux Spikins,mspikins8x@cdc.gov,Nuevo,2024/12/27
323,Nicolai Mallion,nmallion8y@yahoo.co.jp,VIP,2026/02/14
324,Kati Buzek,kbuzek8z@businessinsider.com,VIP,2024/03/13
325,Sandor Manger,smanger90@house.gov,VIP,2023/03/31
326,Rees Duiged,rduiged91@google.com.au,Nuevo,2024/09/22
327,Minny Eads,meads92@netscape.com,VIP,2026/07/16
328,Isak Remirez,iremirez93@aboutads.info,Recurrente,2024/08/09
329,Jane Vango,jvango94@merriam-webster.com,Nuevo,2025/04/01
330,Chauncey Megarry,cmegarry95@ehow.com,Nuevo,2023/05/06
331,Morgan Stanbury,mstanbury96@newsvine.com,VIP,2023/06/16
332,Elston Pirrone,epirrone97@icio.us,Recurrente,2024/04/17
333,Blakeley Greswell,bgreswell98@globo.com,Recurrente,2023/05/08
334,Emily Yardy,eyardy99@e-recht24.de,Nuevo,2025/03/21
335,Marnie Lazarus,mlazarus9a@blinklist.com,Nuevo,2023/06/04
336,Karney Drought,kdrought9b@toplist.cz,Nuevo,2026/03/28
337,Harrietta Basilotta,hbasilotta9c@trellian.com,VIP,2023/04/28
338,Joellen Helling,jhelling9d@go.com,Recurrente,2023/01/06
339,Judye Suggey,jsuggey9e@illinois.edu,Recurrente,2023/09/04
340,Stefa Braams,sbraams9f@myspace.com,Recurrente,2024/09/09
341,Denver Ruckledge,druckledge9g@g.co,Nuevo,2024/06/07
342,Rainer Wix,rwix9h@t-online.de,Recurrente,2025/06/02
343,Omar Pomfret,opomfret9i@pbs.org,Nuevo,2025/12/15
344,Connor Scrase,cscrase9j@goo.ne.jp,Recurrente,2025/02/19
345,Yuri Gerkens,ygerkens9k@hao123.com,Nuevo,2023/03/21
346,Burton Hutcheon,bhutcheon9l@marriott.com,Nuevo,2023/11/23
347,Joshuah Hauxwell,jhauxwell9m@exblog.jp,Recurrente,2025/04/12
348,Jone Ranfield,jranfield9n@deliciousdays.com,Recurrente,2024/09/10
349,Mal Cheale,mcheale9o@dailymotion.com,Recurrente,2025/01/22
350,Miof mela Pringley,mmela9p@harvard.edu,Nuevo,2026/06/29
351,Jerrie Cuddehay,jcuddehay9q@disqus.com,VIP,2023/01/24
352,Pall Puller,ppuller9r@wordpress.org,Nuevo,2023/03/02
353,Aloysia Benesevich,abenesevich9s@wp.com,VIP,2025/03/08
354,Rochella Baguley,rbaguley9t@cornell.edu,VIP,2026/08/07
355,Felix Martschik,fmartschik9u@google.ca,Recurrente,2023/05/28
356,Jonas Haighton,jhaighton9v@newsvine.com,Recurrente,2023/11/11
357,Dion Gammade,dgammade9w@scribd.com,VIP,2023/04/03
358,Lay Lindsley,llindsley9x@sogou.com,VIP,2024/08/14
359,Emmi Quarlis,equarlis9y@dmoz.org,Nuevo,2026/01/02
360,Dill Hindrick,dhindrick9z@pagesperso-orange.fr,Recurrente,2024/10/23
361,Lewiss Lohden,llohdena0@oaic.gov.au,Nuevo,2023/06/21
362,Elston Landes,elandesa1@webeden.co.uk,VIP,2024/05/23
363,Emmalynne Mallabund,emallabunda2@illinois.edu,VIP,2024/04/18
364,Kelly Coult,kcoulta3@rediff.com,Nuevo,2026/02/03
365,Gillan Assandri,gassandria4@a8.net,Nuevo,2026/04/25
366,Elbertina Bawden,ebawdena5@hibu.com,VIP,2026/05/25
367,Naoma Cornelissen,ncornelissena6@t-online.de,VIP,2023/06/15
368,Hermie Guiver,hguivera7@soundcloud.com,Recurrente,2024/03/01
369,Tannie Gooly,tgoolya8@umich.edu,VIP,2024/04/30
370,Michale Lazar,mlazara9@opera.com,Recurrente,2024/05/06
371,Gherardo Oxenham,goxenhamaa@amazon.co.uk,Nuevo,2023/03/28
372,Wyatt Alcorn,walcornab@census.gov,Nuevo,2024/11/05
373,Ephraim Stickells,estickellsac@example.com,Nuevo,2024/06/06
374,Elmer Ferne,efernead@ameblo.jp,VIP,2023/10/25
375,Arte Fielders,afieldersae@opera.com,VIP,2025/12/04
376,Charmine Endricci,cendricciaf@techcrunch.com,Recurrente,2024/07/23
377,Felisha Dalrymple,fdalrympleag@trellian.com,Nuevo,2024/06/26
378,Loree Alstead,lalsteadah@fda.gov,VIP,2023/08/18
379,Ivonne Websdale,iwebsdaleai@goodreads.com,Nuevo,2024/12/02
380,Andie Farre,afarreaj@rambler.ru,Recurrente,2023/12/09
381,Brendin Beert,bbeertak@skype.com,Nuevo,2025/09/12
382,Donovan Sandford,dsandfordal@nifty.com,Recurrente,2025/03/10
383,Kain Wild,kwildam@lulu.com,Nuevo,2025/01/12
384,Raine Barby,rbarbyan@blogger.com,Recurrente,2025/12/04
385,Vere Pietrusiak,vpietrusiakao@narod.ru,VIP,2024/02/13
386,Stearne Brighouse,sbrighouseap@salon.com,Nuevo,2025/03/09
387,Jemimah Cabbell,jcabbellaq@miitbeian.gov.cn,Nuevo,2025/09/27
388,Erick Dran,edranar@godaddy.com,Nuevo,2024/12/06
389,Jazmin Golightly,jgolightlyas@friendfeed.com,Nuevo,2023/11/05
390,Adriena Dassindale,adassindaleat@earthlink.net,Nuevo,2026/08/19
391,Thomasa Ginity,tginityau@mapy.cz,VIP,2026/05/14
392,Suzanne Gouldstone,sgouldstoneav@timesonline.co.uk,VIP,2024/09/03
393,Missie Blaw,mblawaw@harvard.edu,Recurrente,2025/01/30
394,Isacco Male,imaleax@nydailynews.com,Nuevo,2026/03/02
395,Yvor Antowski,yantowskiay@yandex.ru,Nuevo,2023/09/24
396,Rawley Bennedsen,rbennedsenaz@360.cn,Recurrente,2024/09/02
397,Granger Giannazzo,ggiannazzob0@about.me,VIP,2025/09/01
398,Tarah Grist,tgristb1@webeden.co.uk,Recurrente,2026/06/16
399,Godfree felip,gfelipb2@globo.com,Recurrente,2024/06/10
400,Tyson Verni,tvernib3@uiuc.edu,VIP,2023/10/04
401,Rianon Sterry,rsterryb4@google.pl,Nuevo,2025/06/04
402,Valaria Cecere,vcecereb5@dagondesign.com,VIP,2025/11/22
403,Shaylah Pavitt,spavittb6@blogspot.com,VIP,2024/01/13
404,Kendal Oatley,koatleyb7@ameblo.jp,Nuevo,2024/11/18
405,Vaclav Lynds,vlyndsb8@wordpress.com,VIP,2025/09/01
406,Lucille Flew,lflewb9@examiner.com,VIP,2023/06/25
407,Sherlock Wolledge,swolledgeba@reference.com,Recurrente,2023/10/19
408,Vida Cowwell,vcowwellbb@flickr.com,Nuevo,2023/06/23
409,Celestina Purser,cpurserbc@pinterest.com,Nuevo,2024/11/14
410,Miof mela Chiles,mmelabd@elpais.com,Nuevo,2024/11/06
411,Deonne Breawood,dbreawoodbe@ovh.net,Recurrente,2024/03/01
412,Hersh Oade,hoadebf@addtoany.com,Recurrente,2023/09/14
413,Holmes McGinney,hmcginneybg@squarespace.com,Recurrente,2025/01/17
414,Theo Lockhart,tlockhartbh@bloomberg.com,Recurrente,2025/01/20
415,Maxie Guyton,mguytonbi@elegantthemes.com,VIP,2025/02/02
416,Maisey Screwton,mscrewtonbj@virginia.edu,Recurrente,2024/03/04
417,Gabriele Oganesian,goganesianbk@mysql.com,VIP,2026/08/30
418,Nickey Maddison,nmaddisonbl@blogtalkradio.com,Recurrente,2023/10/18
419,Aguistin Amberg,aambergbm@clickbank.net,Recurrente,2024/11/23
420,Moshe McIndoe,mmcindoebn@purevolume.com,VIP,2025/09/23
421,Gisella Frenzl,gfrenzlbo@last.fm,Nuevo,2024/08/13
422,Ainslie Pryor,apryorbp@clickbank.net,Nuevo,2024/05/16
423,Kennett McMonnies,kmcmonniesbq@webmd.com,VIP,2024/05/14
424,Taddeo Leah,tleahbr@bluehost.com,VIP,2024/01/10
425,Ezekiel Marcroft,emarcroftbs@aboutads.info,Recurrente,2025/01/06
426,Humfrid Digle,hdiglebt@tripod.com,VIP,2025/12/12
427,Scott Jaimez,sjaimezbu@wunderground.com,Nuevo,2025/08/03
428,Roxane Hegerty,rhegertybv@sohu.com,VIP,2026/02/03
429,Hershel Dabney,hdabneybw@eventbrite.com,Nuevo,2025/03/20
430,Law Hutcheon,lhutcheonbx@mashable.com,Recurrente,2025/09/09
431,Lorette Tansill,ltansillby@360.cn,Recurrente,2024/05/06
432,Drud Jeanequin,djeanequinbz@google.ru,Nuevo,2024/06/11
433,Brooks Gorges,bgorgesc0@jugem.jp,VIP,2024/03/25
434,Abba Giraldo,agiraldoc1@addthis.com,Recurrente,2024/11/26
435,Cass Pietasch,cpietaschc2@ft.com,VIP,2025/01/15
436,Lavinia Lonsdale,llonsdalec3@cdc.gov,Recurrente,2023/02/18
437,Garold Ronci,groncic4@cdbaby.com,Nuevo,2025/03/15
438,Jillie Waadenburg,jwaadenburgc5@dmoz.org,Nuevo,2026/07/18
439,Adolpho holmes,aholmesc6@mapy.cz,Recurrente,2026/04/24
440,Hilly Wolfarth,hwolfarthc7@scribd.com,Recurrente,2025/01/28
441,Markus Haselup,mhaselupc8@cafepress.com,Nuevo,2025/04/25
442,Rozanna Lack,rlackc9@yahoo.com,VIP,2023/12/17
443,Lowe McLane,lmclaneca@wix.com,VIP,2024/11/10
444,Olympia Krishtopaittis,okrishtopaittiscb@exblog.jp,Nuevo,2025/07/06
445,Othilie Kefford,okeffordcc@naver.com,Recurrente,2023/08/10
446,Aurora McMorran,amcmorrancd@foxnews.com,Recurrente,2024/12/25
447,Moshe Celier,mcelierce@usatoday.com,Recurrente,2024/03/15
448,Loraine Tufts,ltuftscf@goo.gl,Recurrente,2026/07/01
449,Onfroi Blomefield,oblomefieldcg@unesco.org,VIP,2024/12/18
450,Clyve Zorro,czorroch@nature.com,Recurrente,2025/07/16
